{
    "$schema": "https://schema.management.azure.com/schemas/2015-01-01/deploymentParameters.json#",
    "contentVersion": "1.0.0.0",
    "parameters": {
        "virtualMachines_testvm_1_adminPassword": {
            "value": null
        },
        "extensions_CustomScriptForLinux_protectedSettings": {
            "value": null
        },
        "virtualMachines_testvm_1_name": {
            "value": null
        },
        "networkInterfaces_eth0_name": {
            "value": null
        },
        "networkInterfaces_testvm_0722_name": {
            "value": null
        },
        "networkInterfaces_testvm_1853_name": {
            "value": null
        },
        "networkInterfaces_testvmVMNic_name": {
            "value": null
        },
        "networkSecurityGroups_webserver_name": {
            "value": null
        },
        "publicIPAddresses_testvm_0_ip_name": {
            "value": null
        },
        "publicIPAddresses_testvm_1_ip_name": {
            "value": null
        },
        "publicIPAddresses_testvm0ip789_name": {
            "value": null
        },
        "publicIPAddresses_testvmPublicIP_name": {
            "value": null
        },
        "virtualNetworks_testnet_name": {
            "value": null
        },
        "storageAccounts_cli038ba9d55748dce314804_name": {
            "value": null
        },
        "storageAccounts_cli96b74d557342d5df14804_name": {
            "value": null
        },
        "storageAccounts_clidbaa8eac41336dc514804_name": {
            "value": null
        },
        "storageAccounts_clie85c7060f0ac5efe14804_name": {
            "value": null
        },
        "storageAccounts_clifc53c4ab1c49228f14804_name": {
            "value": null
        },
        "storageAccounts_testpooldiag646_name": {
            "value": null
        },
        "storageAccounts_vhd14804111043334_name": {
            "value": null
        },
        "extensions_CustomScriptForLinux_name": {
            "value": null
        }
    }
}