{
    "$schema": "http://schema.management.azure.com/schemas/2015-01-01/deploymentTemplate.json#",
    "contentVersion": "1.0.0.0",
    "parameters": {
        "location": {
            "type": "string"
        },
        "virtualMachineName": {
            "type": "string"
        },
        "virtualMachineSize": {
            "type": "string"
        },
        "adminUsername": {
            "type": "string"
        },
        "storageAccountName": {
            "type": "string"
        },
        "virtualNetworkName": {
            "type": "string"
        },
        "networkInterfaceName": {
            "type": "string"
        },
        "networkSecurityGroupName": {
            "type": "string"
        },
        "adminPublicKey": {
            "type": "string"
        },
        "diagnosticsStorageAccountName": {
            "type": "string"
        },
        "diagnosticsStorageAccountId": {
            "type": "string"
        },
        "diagnosticsStorageAccountType": {
            "type": "string"
        },
        "subnetName": {
            "type": "string"
        },
        "publicIpAddressName": {
            "type": "string"
        },
        "publicIpAddressType": {
            "type": "string"
        },
        "ex0_vmName": {
            "type": "string"
        },
        "ex0_location": {
            "type": "string"
        },
        "ex0_fileUris": {
            "type": "array"
        },
        "ex0_commandToExecute": {
            "type": "string"
        }
    },
    "variables": {
        "vnetId": "[resourceId('testpool','Microsoft.Network/virtualNetworks', parameters('virtualNetworkName'))]",
        "subnetRef": "[concat(variables('vnetId'), '/subnets/', parameters('subnetName'))]"
    },
    "resources": [
        {
            "name": "[parameters('virtualMachineName')]",
            "type": "Microsoft.Compute/virtualMachines",
            "apiVersion": "2015-06-15",
            "location": "[parameters('location')]",
            "dependsOn": [
                "[concat('Microsoft.Network/networkInterfaces/', parameters('networkInterfaceName'))]",
                "[concat('Microsoft.Storage/storageAccounts/', parameters('diagnosticsStorageAccountName'))]"
            ],
            "properties": {
                "osProfile": {
                    "computerName": "[parameters('virtualMachineName')]",
                    "adminUsername": "[parameters('adminUsername')]",
                    "linuxConfiguration": {
                        "disablePasswordAuthentication": "true",
                        "ssh": {
                            "publicKeys": [
                                {
                                    "path": "[concat('/home/', parameters('adminUsername'), '/.ssh/authorized_keys')]",
                                    "keyData": "[parameters('adminPublicKey')]"
                                }
                            ]
                        }
                    }
                },
                "hardwareProfile": {
                    "vmSize": "[parameters('virtualMachineSize')]"
                },
                "storageProfile": {
                    "imageReference": {
                        "publisher": "Canonical",
                        "offer": "UbuntuServer",
                        "sku": "16.04.0-LTS",
                        "version": "latest"
                    },
                    "osDisk": {
                        "name": "[parameters('virtualMachineName')]",
                        "vhd": {
                            "uri": "[concat(concat(reference(resourceId('testpool', 'Microsoft.Storage/storageAccounts', parameters('storageAccountName')), '2015-06-15').primaryEndpoints['blob'], 'vhds/'), parameters('virtualMachineName'), '201610309192.vhd')]"
                        },
                        "createOption": "fromImage"
                    },
                    "dataDisks": []
                },
                "networkProfile": {
                    "networkInterfaces": [
                        {
                            "id": "[resourceId('Microsoft.Network/networkInterfaces', parameters('networkInterfaceName'))]"
                        }
                    ]
                },
                "diagnosticsProfile": {
                    "bootDiagnostics": {
                        "enabled": true,
                        "storageUri": "[reference(resourceId('testpool', 'Microsoft.Storage/storageAccounts', parameters('diagnosticsStorageAccountName')), '2015-06-15').primaryEndpoints['blob']]"
                    }
                }
            }
        },
        {
            "name": "microsoft.custom-script-linux-20161030091733",
            "apiVersion": "2015-01-01",
            "type": "Microsoft.Resources/deployments",
            "properties": {
                "mode": "incremental",
                "templateLink": {
                    "uri": "https://gallery.azure.com/artifact/20161101/microsoft.custom-script-linux-arm.2.0.50/Artifacts/MainTemplate.json"
                },
                "parameters": {
                    "vmName": {
                        "value": "[parameters('ex0_vmName')]"
                    },
                    "location": {
                        "value": "[parameters('ex0_location')]"
                    },
                    "fileUris": {
                        "value": "[parameters('ex0_fileUris')]"
                    },
                    "commandToExecute": {
                        "value": "[parameters('ex0_commandToExecute')]"
                    }
                }
            },
            "dependsOn": [
                "[concat('Microsoft.Compute/virtualMachines/', parameters('virtualMachineName'))]"
            ]
        },
        {
            "name": "[parameters('diagnosticsStorageAccountName')]",
            "type": "Microsoft.Storage/storageAccounts",
            "apiVersion": "2015-06-15",
            "location": "[parameters('location')]",
            "properties": {
                "accountType": "[parameters('diagnosticsStorageAccountType')]"
            }
        },
        {
            "name": "[parameters('networkInterfaceName')]",
            "type": "Microsoft.Network/networkInterfaces",
            "apiVersion": "2016-09-01",
            "location": "[parameters('location')]",
            "dependsOn": [
                "[concat('Microsoft.Network/publicIpAddresses/', parameters('publicIpAddressName'))]"
            ],
            "properties": {
                "ipConfigurations": [
                    {
                        "name": "ipconfig1",
                        "properties": {
                            "subnet": {
                                "id": "[variables('subnetRef')]"
                            },
                            "privateIPAllocationMethod": "Dynamic",
                            "publicIpAddress": {
                                "id": "[resourceId('testpool','Microsoft.Network/publicIpAddresses', parameters('publicIpAddressName'))]"
                            }
                        }
                    }
                ],
                "networkSecurityGroup": {
                    "id": "[resourceId('testpool', 'Microsoft.Network/networkSecurityGroups', parameters('networkSecurityGroupName'))]"
                }
            }
        },
        {
            "name": "[parameters('publicIpAddressName')]",
            "type": "Microsoft.Network/publicIpAddresses",
            "apiVersion": "2016-09-01",
            "location": "[parameters('location')]",
            "properties": {
                "publicIpAllocationMethod": "[parameters('publicIpAddressType')]"
            }
        }
    ],
    "outputs": {
        "adminUsername": {
            "type": "string",
            "value": "[parameters('adminUsername')]"
        }
    }
}